"TABLE","AI Match Benchmark Profiles"
"Profile","Inputs","Expected Direction","Top 1","Score T1","Top 2","Score T2","Top 3","Score T3","Top 4","Score T4","Top 5","Score T5","Avg Top 3","Avg Top 5","Notes"
"1. Office Warm Elegant","adult, office, warm, elegant, woody/musky/aromatic, men","clean, polished, office-safe, woody-musky, not too loud","","","","","","","","","","","","",""
"2. Date Cool Sweet","young_adult, date, cool, sweet, vanilla/amber/gourmand, women","warm, sensual, cozy-sweet, suitable for evening","","","","","","","","","","","","",""
"3. Sport Hot Fresh","teen, sport, hot, fresh, citrus/marine/green, unisex","light, fresh, aquatic/citrus, energizing","","","","","","","","","","","","",""
"4. Formal Cold Bold","mature, formal, cold, bold, oud/warm spicy/amber, men","rich, deep, formal, spicy/oud, strong presence","","","","","","","","","","","","",""
"5. Casual Warm Fresh","young_adult, casual, warm, fresh, citrus/green/marine, unisex","easygoing, versatile, daytime, clean-fresh","","","","","","","","","","","","",""
"6. Casual Warm Sweet","young_adult, casual, warm, sweet, fruity/vanilla/sweet, women","playful, fruity-sweet, relaxed, youthful","","","","","","","","","","","","",""
"7. Office Cool Elegant","adult, office, cool, elegant, lavender/woody/musky, men","aromatic clean, refined, professional, balanced","","","","","","","","","","","","",""
"8. Date Cold Bold","adult, date, cold, bold, leather/oud/amber, unisex","sensual, dark, intimate, memorable","","","","","","","","","","","","",""

"TABLE","Scoring Rubric"
"Aspect","Score 0","Score 1","Score 2"
"Activity fit","jelas tidak cocok","lumayan masuk akal","sangat cocok"
"Weather fit","terasa bertabrakan","cukup aman","sangat pas"
"Style fit","auranya meleset","sebagian cocok","sangat pas"
"Accord fit","tidak nyambung","ada overlap","sangat sesuai"
"Gender/Age signal fit","terasa meleset","cukup netral","sangat sesuai"

"TABLE","Top 1 Detailed Review"
"Profile","Top 1 Perfume","Activity Fit (0-2)","Weather Fit (0-2)","Style Fit (0-2)","Accord Fit (0-2)","Gender/Age Fit (0-2)","Total /10","Verdict","Notes"
"1. Office Warm Elegant","","","","","","","","",""
"2. Date Cool Sweet","","","","","","","","",""
"3. Sport Hot Fresh","","","","","","","","",""
"4. Formal Cold Bold","","","","","","","","",""
"5. Casual Warm Fresh","","","","","","","","",""
"6. Casual Warm Sweet","","","","","","","","",""
"7. Office Cool Elegant","","","","","","","","",""
"8. Date Cold Bold","","","","","","","","",""

"TABLE","Sensitivity Tests"
"Test","Base Input","Changed Input","What Should Change","What Actually Happened","Pass/Fail","Notes"
"Weather shift","warm","cold","results should become richer / deeper / warmer","","",""
"Activity shift","office","date","results should become more intimate / sensual","","",""
"Style shift","fresh","bold","results should move from citrus/marine to amber/oud/spicy/leather","","",""
"Accord shift","citrus/marine","oud/amber","recommendations should change clearly, not just shuffle slightly","","",""
